market_id,true_tau_log,true_elasticity,true_price_uplift,is_primary
R00,0.03064187194325015,-0.701419052298776,0.10807581083903506,False
R01,0.010226422029105859,-0.9012686839880785,0.10913263684598223,False
R02,0.0014839699952025024,-0.9852329266706826,0.10571459095143197,False
R03,0.09606807589635824,-0.187551996326909,0.12552005396171137,False
R04,0.0632956142930078,-0.4838057848956256,0.1304545029143689,False
R05,0.06064685061258005,-0.4275224013805958,0.11175239953790021,False
R06,0.08704862457545551,-0.15,0.10783775440362399,False
R07,0.0018537127948385522,-0.9776634890395478,0.08653122289711318,False
R08,0.07056086316073402,-0.15,0.08655569484674969,False
R09,0.08748195646430154,-0.15,0.10840267653966974,False
R10,0.07943429297417248,-0.1592898486861414,0.09909240773538072,False
R11,0.0507375619179421,-0.37119290290964,0.08403327187415412,False
R12,0.009346909386236495,-0.9005185160103193,0.09851170934055353,False
R13,0.06483083443194897,-0.3466599299468384,0.10432009376969356,False
R14,0.012793559222679383,-0.87869784118336,0.11123112296142168,False
R15,0.02926455469006901,-0.6891207800850395,0.09870784705088811,False
R16,0.02231144472607883,-0.7584529612884757,0.09676939317743942,False
R17,0.03296180146283453,-0.6544083928044361,0.10007449381735047,False
R18,0.07327903372996837,-0.24606551807100985,0.10207580076871042,False
R19,0.008978959789975321,-0.891217215508477,0.0860424013632132,False
R20,-0.008134990852054316,-1.0779514244765354,0.10999970095536464,False
R21,-0.009751641892966758,-1.0819991858006328,0.12628391526876032,False
R22,-0.012129094444167259,-1.1164544162230403,0.10977040479325285,False
R23,-0.020326063717995016,-1.2560424155828473,0.08262162835173148,False
R24,-0.009287311531182015,-1.0964007557167945,0.10113410218547096,False
R25,0.054757460699931475,-0.2781856436925742,0.0788124620381686,False
R26,0.004835478989254111,-0.9356585041374196,0.07804945761595727,False
R27,0.0371910398142101,-0.6370765813070954,0.1079110156651644,False
R28,-0.010319629581418239,-1.1073207367463151,0.10093178900208379,False
R29,0.030725113956386763,-0.6500006302647968,0.09175467769306264,False
R30,-0.0249867611011082,-1.3457191438063099,0.07495063502954598,False
R31,0.0015738114091530728,-0.9806587167228938,0.08477281557162614,False
R32,0.08251632396173807,-0.15,0.10194635314627534,False
R33,0.008241151844190374,-0.9138477967448438,0.10038272477161125,False
R34,0.07004060840779601,-0.3187109990043779,0.10827640109920403,False
R35,0.06041452449749285,-0.45958314981982007,0.11828073903443541,True
R36,0.029602444731250784,-0.6768374402464865,0.09592892173243589,False
R37,0.014625948690216817,-0.8543422875248965,0.10562760587252902,False
R38,0.0797349240427524,-0.15,0.098346418630729,False
R39,0.015914129415496032,-0.8229376198972552,0.09404152437701666,False
